Type,Name,Request Count,Failure Count,Median Response Time,Average Response Time,Min Response Time,Max Response Time,Average Content Size,Requests/s,Failures/s,50%,66%,75%,80%,90%,95%,98%,99%,99.9%,99.99%,100%
GET,GET /health,46,0,670.0,730.8562490658875,307.4442080105655,1712.8357909969054,68.0,1.0664452405323999,0.0,690,800,950,960,1100,1300,1700,1700,1700,1700,1700
GET,GET /metrics,34,0,570.0,581.5328419746091,314.9034170201048,1217.4654169939458,3785.0,0.7882421343065565,0.0,580,640,680,720,770,1000,1200,1200,1200,1200,1200
POST,POST /predict,124,0,1700.0,1674.149731502703,719.722667010501,4343.204125005286,413.7983870967742,2.8747654310003825,0.0,1700,1800,1900,1900,2100,2200,2400,3400,4300,4300,4300
POST,POST /predict [heavy],505,0,1700.0,1661.3117894618817,528.3768749795854,4424.709625018295,413.2910891089109,11.707714053670912,0.0,1700,1800,1900,1900,2000,2200,2400,2500,4400,4400,4400
,Aggregated,709,0,1600.0,1551.40835609133,307.4442080105655,4424.709625018295,552.6671368124119,16.437166859510253,0.0,1600,1800,1800,1900,2000,2100,2400,2500,4400,4400,4400
